OTU_ID	Kingdom	Phylum	Class	Order	Family	Genus	Species
e22bef63416c7077d44457219635d355	Bacteria	 Firmicutes	 Clostridia	 Lachnospirales	 Lachnospiraceae	 Cellulosilyticum	
9acb555d3c5dd77e9035a661e7ad1bb6	Bacteria	 Firmicutes	 Clostridia	 Clostridiales	 Clostridiaceae	 Clostridium_sensu_stricto_1	
653d3123d98173d76f7937e6a409b759	Bacteria	 Firmicutes	 Clostridia	 Peptostreptococcales-Tissierellales	 Peptostreptococcaceae	 Terrisporobacter	
9e30a8cd5497999ef72ebab2127cadb5	Bacteria	 Firmicutes	 Clostridia	 Lachnospirales	 Lachnospiraceae		
3e80a1c4fa1c52a13349f2a07ba8f34d	Bacteria	 Firmicutes	 Clostridia	 Lachnospirales	 Lachnospiraceae	 Cellulosilyticum	 uncultured_bacterium
753e70edc1e6644f9cc8f363af768671	Bacteria	 Firmicutes	 Clostridia	 Clostridiales	 Clostridiaceae	 Clostridium_sensu_stricto_1	
abb76c574b475aa365291e60e0591ae1	Bacteria	 Firmicutes	 Clostridia	 Lachnospirales	 Lachnospiraceae		
11f6961a2ae6df3f53c7513396885213	Bacteria	 Firmicutes	 Clostridia	 Lachnospirales	 Lachnospiraceae	 Cellulosilyticum	 uncultured_bacterium
87e76e125b3690fabab85124a7d42a3d	Bacteria	 Firmicutes	 Clostridia	 Clostridiales	 Clostridiaceae	 Clostridium_sensu_stricto_13	
73862f0e53acbd0a388cd99344ff66bd	Bacteria	 Firmicutes	 Clostridia	 Lachnospirales	 Lachnospiraceae	 Cellulosilyticum	 bacterium_PS7
2cac53b021d7555f3190977c95bb9725	Bacteria	 Firmicutes	 Clostridia	 Clostridiales	 Caloramatoraceae	 Fonticella	
90d914c3852b88610d7b3809d5330c5f	Bacteria	 Firmicutes	 Clostridia	 Clostridiales	 Clostridiaceae	 Clostridium_sensu_stricto_1	
78e330c19d0c0461704da8545a028330	Bacteria	 Firmicutes	 Clostridia	 Peptostreptococcales-Tissierellales	 Sedimentibacteraceae	 Sedimentibacter	 uncultured_Clostridia
c88d9c510cf6e7f31c034b52241fc19a	Bacteria	 Firmicutes	 Clostridia	 Lachnospirales	 Lachnospiraceae		
27f098662c8f87b4aaff903d9c0f28d3	Bacteria	 Desulfobacterota	 Desulfovibrionia	 Desulfovibrionales	 Desulfovibrionaceae	 Bilophila	
0d4f19da7dfaf3d2ea591561ad80653b	Bacteria	 Firmicutes	 Clostridia	 Clostridiales	 Clostridiaceae	 Clostridium_sensu_stricto_1	
2c982937754e6321f861027032db80f7	Bacteria	 Bacteroidota	 Bacteroidia	 Bacteroidales	 Bacteroidaceae	 Bacteroides	
cbe95a8bfdf047e034c2121588d6d033	Bacteria	 Firmicutes	 Clostridia	 Clostridiales	 Clostridiaceae	 Clostridium_sensu_stricto_2	 uncultured_Clostridiaceae
6c50cfabaf2d81ca1729276924620d45	Bacteria	 Firmicutes	 Clostridia	 Lachnospirales	 Lachnospiraceae		
3b010dbd9eae72a79f11af5d24eb3ca3	Bacteria	 Verrucomicrobiota	 Verrucomicrobiae	 Verrucomicrobiales	 Akkermansiaceae	 Akkermansia	
1a88b974f6209178e371b2eaf5d5f6ad	Bacteria	 Firmicutes	 Clostridia	 Clostridiales	 Clostridiaceae	 Clostridium_sensu_stricto_1	
503f92642a6a8a8fb5936ba9e8cde803	Bacteria	 Firmicutes	 Clostridia	 Lachnospirales	 Lachnospiraceae	 Cellulosilyticum	 uncultured_bacterium
e5a537dba56ef35b2a4de5b2e3785fca	Bacteria	 Desulfobacterota	 Desulfovibrionia	 Desulfovibrionales	 Desulfovibrionaceae		
8730d47067d979434ab3853db54017fa	Bacteria	 Bacteroidota	 Bacteroidia	 Bacteroidales	 Bacteroidaceae	 Bacteroides	
e329eb8de457b265002c312481aebb28	Bacteria	 Firmicutes	 Clostridia	 Lachnospirales	 Lachnospiraceae		
1ce4898f124e8fffe68db10b2a467699	Bacteria	 Firmicutes	 Bacilli	 Izemoplasmatales	 Izemoplasmatales	 Izemoplasmatales	 gut_metagenome
9661c408d03849548f118a5d7eddd146	Bacteria	 Firmicutes	 Clostridia	 Clostridiales	 Clostridiaceae	 Sarcina	 uncultured_bacterium
30d32705c2a41002453e50c2bc97320d	Bacteria	 Firmicutes	 Clostridia	 Lachnospirales	 Lachnospiraceae	 Cellulosilyticum	 uncultured_bacterium
16a5ebc4c9e53bec6ca09c12d344bed4	Bacteria	 Firmicutes	 Clostridia	 Lachnospirales	 Lachnospiraceae		
0e46b111281412394d7ba9fb4f42534c	Bacteria	 Firmicutes	 Clostridia	 Oscillospirales	 Ruminococcaceae	 Ruminococcus	
d3cefb30982e5e300cc75329d0e848e5	Bacteria	 Firmicutes	 Clostridia	 Clostridiales	 Clostridiaceae	 Clostridium_sensu_stricto_1	
cca64b9fa329ada9fd59c2ebdc04812d	Bacteria	 Firmicutes	 Desulfitobacteriia	 Desulfitobacteriales	 Desulfitobacteriaceae	 Desulfosporosinus	
39d0925481ceb02ab88e04062025cad4	Bacteria	 Firmicutes	 Clostridia	 Oscillospirales	 Ruminococcaceae	 Ruminococcus	
6fb11fe55c8144627ab0a972cd6f7306	Bacteria	 Firmicutes	 Bacilli	 Izemoplasmatales	 Izemoplasmatales	 Izemoplasmatales	 uncultured_bacterium
945184b6386c192c0066e0a98a154780	Bacteria	 Proteobacteria	 Gammaproteobacteria	 Enterobacterales	 Enterobacteriaceae		
2917b5d0bf4224a174fce9059d751290	Bacteria	 Firmicutes	 Clostridia	 Lachnospirales	 Lachnospiraceae	 Cellulosilyticum	 uncultured_bacterium
13a84719b2f85dce93abd7516fcf99ad	Bacteria	 Firmicutes	 Clostridia	 Clostridia_UCG-014	 Clostridia_UCG-014	 Clostridia_UCG-014	
ee8089aa168d0a68f89e2f9ab82b3261	Bacteria	 Firmicutes	 Clostridia	 Peptostreptococcales-Tissierellales	 Sedimentibacteraceae	 Sedimentibacter	
8b549d5d23d37f33bce66ddaa48abdba	Bacteria	 Firmicutes	 Clostridia				
0c6d3938243936046e636192b40ed43c	Bacteria	 Firmicutes	 Clostridia	 Clostridia_UCG-014	 Clostridia_UCG-014	 Clostridia_UCG-014	
d738777a24581f111f8fa362c149b44d	Bacteria	 Firmicutes	 Clostridia	 Clostridiales	 Clostridiaceae	 Clostridium_sensu_stricto_1	
4879a70e5bf4a288afa4e6d7ef7022e5	Bacteria	 Firmicutes	 Clostridia	 Lachnospirales	 Lachnospiraceae		
4d12c5a1cbff1cbfb066dd943bb512ec	Bacteria	 Firmicutes	 Bacilli	 Acholeplasmatales	 Acholeplasmataceae	 T2WK15B57	 uncultured_bacterium
2ccbd952934337451d2df534760b4c21	Bacteria	 Firmicutes	 Clostridia	 Clostridia_vadinBB60_group	 Clostridia_vadinBB60_group	 Clostridia_vadinBB60_group	 uncultured_organism
7e97382baa29c97232ac1f9ecb44cfa1	Bacteria	 Firmicutes	 Clostridia	 Oscillospirales	 [Eubacterium]_coprostanoligenes_group	 [Eubacterium]_coprostanoligenes_group	 uncultured_bacterium
a804ceca12f7e18aaf66c1d688c0675b	Bacteria	 Firmicutes	 Bacilli	 Erysipelotrichales	 Erysipelatoclostridiaceae	 UCG-004	 uncultured_bacterium
516a7025b707b2fcf797cf48efecc8c3	Bacteria	 Firmicutes	 Bacilli	 Erysipelotrichales	 Erysipelotrichaceae		
90d54b08f736c3dc3f9f1d59d4c5ecf1	Bacteria	 Firmicutes	 Bacilli	 RF39	 RF39	 RF39	
f2016d67e700bbd4f6e65c790cf0882c	Bacteria	 Firmicutes	 Clostridia				
ea403646ed22d679fa4586263d8fc32f	Bacteria	 Proteobacteria	 Gammaproteobacteria	 Pseudomonadales	 Moraxellaceae	 Acinetobacter	
9908fffab7ed4f3bec44cda2f5084d49	Bacteria	 Firmicutes	 Bacilli	 Lactobacillales	 Enterococcaceae	 Enterococcus	
f9ba0705d3a733ad1b0ae67374768396	Bacteria	 Firmicutes	 Bacilli	 Bacillales	 Bacillaceae	 Bacillus	
234e1d5f4e48c5e578d5fdea6d864fbf	Bacteria	 Firmicutes	 Clostridia	 Oscillospirales	 Oscillospiraceae	 NK4A214_group	
527b92b9bbfb692fef33a6c0a85e9caf	Bacteria	 Firmicutes	 Clostridia	 Clostridia_vadinBB60_group	 Clostridia_vadinBB60_group	 Clostridia_vadinBB60_group	
3ba335034275a72a271bc8b6c455c102	Bacteria	 Bacteroidota	 Bacteroidia	 Bacteroidales			
69c66832d5da88793b212add5b8ba262	Bacteria	 Bacteroidota	 Bacteroidia	 Bacteroidales	 Rikenellaceae	 Alistipes	
46bad50a71f76820662c9aa32e14f1db	Bacteria	 Firmicutes	 Clostridia	 Oscillospirales	 Ruminococcaceae	 Pygmaiobacter	 Pygmaiobacter_massiliensis
0e1b2cdcf70c500c5d450a9de897a210	Bacteria	 Firmicutes	 Bacilli	 RF39	 RF39	 RF39	
e0f4f18310b73b0fee136c3361b4401e	Bacteria	 Firmicutes	 Clostridia	 Peptostreptococcales-Tissierellales	 Peptostreptococcaceae	 Romboutsia	
afe78122dfd2e973555a7337c8598740	Bacteria	 Bacteroidota	 Bacteroidia	 Bacteroidales	 Rikenellaceae	 Alistipes	 Alistipes_indistinctus
3ae596304fd6ed0aaf539b8caba648f5	Bacteria	 Firmicutes	 Clostridia	 Lachnospirales	 Lachnospiraceae		
25eb83a63bb3c728d249deab789546a7	Bacteria	 Firmicutes	 Clostridia	 Oscillospirales	 [Eubacterium]_coprostanoligenes_group	 [Eubacterium]_coprostanoligenes_group	
728728a1de6e05acf32ed82c90af51ee	Bacteria	 Firmicutes	 Clostridia	 Clostridiales			
8de454c14232dcf609707a92c8e7e50d	Bacteria	 Bacteroidota	 Bacteroidia	 Bacteroidales			
0429a8a999c3238e12bbfaa1714d385e	Bacteria	 Proteobacteria	 Gammaproteobacteria	 Vibrionales	 Vibrionaceae	 Vibrio	
dd39c47452c6b20b2782e991e1733051	Bacteria	 Firmicutes	 Clostridia	 Peptostreptococcales-Tissierellales	 Anaerovoracaceae		
65d43491988bfe557da4d86a5ba25dae	Bacteria	 Firmicutes	 Bacilli	 Staphylococcales	 Staphylococcaceae	 Staphylococcus	
67b0cf6af26b9fd959d860a52a65bc58	Bacteria	 Proteobacteria	 Gammaproteobacteria	 Vibrionales	 Vibrionaceae	 Photobacterium	
b452284fca181520c11d087351ff43df	Bacteria	 Bacteroidota	 Bacteroidia	 Bacteroidales	 Marinifilaceae	 Butyricimonas	
cc670972b6b6413ac3f57f041696e40f	Bacteria	 Firmicutes	 Clostridia	 Oscillospirales	 Ruminococcaceae	 Ruminococcus	
aafaa9ffc8d0ff23faa27f6803f487e5	Bacteria	 Firmicutes	 Bacilli	 Acholeplasmatales	 Acholeplasmataceae		
98973c7adc7484e7e0777b4385d0a518	Bacteria	 Firmicutes	 Clostridia	 Lachnospirales	 Lachnospiraceae		
fd52457ef6265b9c7ac482f0f9dfdadc	Bacteria	 Firmicutes	 Clostridia	 Peptostreptococcales-Tissierellales	 Anaerovoracaceae		
49698aa30d2f909faac7f1cffd4aaa5d	Bacteria	 Verrucomicrobiota	 Lentisphaeria	 Victivallales	 Victivallaceae	 Victivallaceae	 uncultured_bacterium
5f50f76b9429d77bcca8f61b148bfabd	Bacteria	 Firmicutes	 Clostridia	 Oscillospirales	 Ruminococcaceae	 UBA1819	
506efac48dc5d5be2c0122c381639a3f	Bacteria	 Bacteroidota	 Bacteroidia	 Bacteroidales	 Rikenellaceae	 Alistipes	
2335854b5c63f49010a2e8a793ce27ce	Bacteria	 Firmicutes	 Clostridia	 Peptococcales	 Peptococcaceae	 uncultured	 unidentified
93a29afcd8605a2539dd997423270b72	Bacteria	 Firmicutes	 Clostridia	 Lachnospirales	 Lachnospiraceae		
629f41c0de31ba20f5d2b3f4c69e09c1	Bacteria	 Actinobacteriota	 Coriobacteriia	 Coriobacteriales	 Eggerthellaceae	 Eggerthella	
902caba12ae556f40165f73f3a943ac1	Bacteria	 Firmicutes	 Clostridia	 Oscillospirales	 Ruminococcaceae		
e1d5578f19b2423944c5d7686af9f104	Bacteria	 Firmicutes	 Clostridia	 Oscillospirales	 Ruminococcaceae		
6efb619358c390df0a16230ac8c9de44	Bacteria	 Firmicutes	 Clostridia	 Peptostreptococcales-Tissierellales	 Peptostreptococcaceae		
9458a3d6db0cf1b8a68be6239c9e2f3f	Bacteria	 Firmicutes	 Clostridia	 Lachnospirales	 Lachnospiraceae		
bc56a7361c9a3b49f1f1c51874321e12	Bacteria	 Actinobacteriota	 Actinobacteria	 Micrococcales	 Micrococcaceae	 Kocuria	
84ac65956405f4d2cdfeef55196938d4	Bacteria	 Firmicutes	 Desulfotomaculia	 Desulfotomaculales	 Desulfotomaculales	 Desulfurispora	
78437a620b5cedee220200c543045188	Bacteria	 Firmicutes	 Clostridia	 Oscillospirales	 Ruminococcaceae		
16911b07118bcab77e4cf5d8651ad336	Bacteria	 Proteobacteria	 Alphaproteobacteria				
d46e2205f0c6ecf67b51f83d111c509c	Bacteria	 Proteobacteria	 Gammaproteobacteria	 Enterobacterales	 Enterobacteriaceae	 Escherichia-Shigella	
ead9988ad2085807a7ef6f89a7bf033f	Bacteria	 Bacteroidota	 Bacteroidia	 Bacteroidales	 Rikenellaceae		
6ab4d5ce4cd3dd93df2a4afdadf198e0	Bacteria	 Firmicutes	 Clostridia	 Peptostreptococcales-Tissierellales	 Anaerovoracaceae		
b31d68835edbbe2d3abfa05a8d9f7f7f	Bacteria	 Firmicutes	 Clostridia				
e4ef1c7b616eb842c0ff7a327e83bd76	Bacteria	 Bacteroidota	 Bacteroidia	 Bacteroidales	 Tannerellaceae	 Parabacteroides	 Parabacteroides_goldsteinii
a663a01aeb4dbb88bbe0a9840e8f64dc	Bacteria	 Firmicutes	 Bacilli	 Erysipelotrichales	 Erysipelatoclostridiaceae	 Erysipelatoclostridium	
59d1a674557ee15291d8d2adbdcad63c	Bacteria	 Firmicutes	 Clostridia	 Lachnospirales	 Lachnospiraceae		
fd496fd32dc8c08ade2e8b6c9d8ee13d	Bacteria	 Firmicutes	 Bacilli	 Lactobacillales	 Streptococcaceae	 Streptococcus	
35ffcc3b809d667286737d79670b8de5	Bacteria	 Actinobacteriota	 Actinobacteria	 Bifidobacteriales	 Bifidobacteriaceae	 Bifidobacterium	
3d5baff45729bf2214074c2e9f77ad10	Bacteria	 Proteobacteria	 Gammaproteobacteria	 Pseudomonadales	 Moraxellaceae	 Acinetobacter	
85971a67aaa2aafc1660a515d228f4cc	Bacteria	 Campilobacterota	 Campylobacteria	 Campylobacterales	 Helicobacteraceae	 Helicobacter	 Helicobacter_sp.
b10eb2312d6ccc5fdebebc88f91228d8	Bacteria	 Firmicutes	 Clostridia	 Peptostreptococcales-Tissierellales	 Anaerovoracaceae		
c7092e3357f6eaf3525af73df0b5a01d	Bacteria	 Campilobacterota	 Campylobacteria	 Campylobacterales	 Helicobacteraceae	 Helicobacter	
0b4ea7c89e9f4c073c4130461703ed1d	Bacteria	 Bacteroidota	 Bacteroidia	 Bacteroidales	 Tannerellaceae	 Parabacteroides	
e064509be275096816b9dbd92353dac4	Bacteria	 Firmicutes	 Clostridia	 Lachnospirales	 Lachnospiraceae	 Tyzzerella	
c004362a6d073fe3bcb962035989a4b3	Bacteria	 Verrucomicrobiota	 Verrucomicrobiae	 Opitutales	 Puniceicoccaceae	 Cerasicoccus	
98eecd626f75e60e04617f329a5aadb6	Bacteria	 Firmicutes	 Clostridia	 Oscillospirales	 Ruminococcaceae		
5a659fafd2c2859a9777c3fed0f5d304	Bacteria	 Firmicutes	 Clostridia	 Oscillospirales	 Oscillospiraceae	 Oscillibacter	
d5f44bf1c23e4115279b412340f28de6	Bacteria	 Firmicutes	 Clostridia				
23813509abacee72b910ca3d0d803a86	Bacteria	 Firmicutes	 Clostridia	 Oscillospirales	 Ruminococcaceae	 Pygmaiobacter	 uncultured_bacterium
43634778c6f9205cf857eb8fdb5fc084	Bacteria	 Firmicutes	 Negativicutes	 Veillonellales-Selenomonadales	 Selenomonadaceae	 uncultured	
a44f55cb9630a596c057bd407286fc9f	Bacteria	 Firmicutes	 Clostridia	 Oscillospirales	 UCG-010	 UCG-010	 uncultured_bacterium
74c7b0109b402c9f76321bbea345608e	Bacteria	 Firmicutes	 Clostridia	 Clostridiales	 Clostridiaceae	 Clostridium_sensu_stricto_6	 Clostridium_bornimense
45e579e8381a07044421cb4f1d25e431	Bacteria	 Firmicutes	 Clostridia	 Oscillospirales	 Oscillospiraceae		
4656f534c0a92317ba63b7c0fb6ee3ce	Bacteria	 Firmicutes	 Clostridia	 Clostridia_vadinBB60_group	 Clostridia_vadinBB60_group	 Clostridia_vadinBB60_group	
5cf13bb263b32f1a34185dc0eb094b1d	Unassigned						
a622ee938dea5bf334aff1b8b1b16eee	Bacteria	 Firmicutes	 Clostridia	 Oscillospirales	 Ruminococcaceae		
b9b9384615698579a10510c3a107fea8	Bacteria	 Firmicutes	 Bacilli	 Izemoplasmatales	 Izemoplasmatales	 Izemoplasmatales	 uncultured_bacterium
17d88975609306d2efa972c7c2ca4ced	Bacteria	 Firmicutes	 Clostridia	 Oscillospirales	 UCG-010	 UCG-010	 uncultured_bacterium
1e077b2fea3132817a33f09ae8dfd628	Bacteria	 Bacteroidota	 Bacteroidia	 Bacteroidales	 Rikenellaceae	 Alistipes	
99bccd58aaeb00f98e22add40be6e36b	Bacteria	 Firmicutes	 Clostridia	 Peptostreptococcales-Tissierellales	 Peptostreptococcaceae	 Clostridioides	
10d60b3d941b7aa7af59a9045f25d661	Bacteria	 Proteobacteria	 Alphaproteobacteria	 Rickettsiales	 Mitochondria	 Mitochondria	
113b24fe4dba4a4951ada8e959a58398	Bacteria	 Firmicutes	 Clostridia	 Oscillospirales	 Ruminococcaceae	 Ruminococcus	
b02e0cef1596cc985797dd6c3128dadd	Bacteria	 Cyanobacteria	 Vampirivibrionia	 Gastranaerophilales	 Gastranaerophilales	 Gastranaerophilales	 uncultured_bacterium
516743b16d4dd61231b836db630eb141	Bacteria	 Firmicutes	 Bacilli				
d7625db4bb179cdb3d5547a63eb2043f	Bacteria	 Proteobacteria	 Gammaproteobacteria	 Pseudomonadales	 Moraxellaceae	 Psychrobacter	
9f26bab14b8b677866849213265881be	Bacteria	 Firmicutes	 Clostridia	 Christensenellales	 Christensenellaceae	 Christensenellaceae_R-7_group	
7ed88ae3aef72cea2dcfa968299019fb	Bacteria	 Bacteroidota	 Bacteroidia	 Bacteroidales			
bb2d9456017c335a92288c3c415a93a6	Bacteria	 Firmicutes	 Clostridia	 Monoglobales	 Monoglobaceae	 Monoglobus	
12ce3fe7a40524e2ff99603d4d2b9613	Bacteria	 Firmicutes	 Bacilli	 RF39	 RF39	 RF39	 uncultured_Erysipelotrichaceae
72ec3b075b9b35b7adcbaad73c3099c2	Bacteria	 Spirochaetota	 Brevinematia	 Brevinematales	 Brevinemataceae	 Brevinema	 Brevinema_andersonii
809a7ad54a83b012be866045bea3d64f	Bacteria	 Firmicutes	 uncultured	 uncultured	 uncultured	 uncultured	
eb0447c93b67326eac45354cad8e6964	Bacteria	 Fusobacteriota	 Fusobacteriia	 Fusobacteriales	 Fusobacteriaceae	 Cetobacterium	 uncultured_bacterium
974174e4525a836afedac81af661139a	Bacteria	 Firmicutes	 Clostridia				
99b6865a9925073ddc3db24a23853fef	Bacteria	 Verrucomicrobiota	 Lentisphaeria	 Victivallales	 Victivallaceae		
5f2d110ff28bb254ebc45eebe46fe442	Bacteria	 Bacteroidota	 Bacteroidia	 Bacteroidales	 Rikenellaceae	 dgA-11_gut_group	 uncultured_bacterium
af6f9db61dd12759d6712b4fc9f436d1	Bacteria	 Firmicutes	 Clostridia				
ecf0ab44a2d302cf5e1798ac696a862d	Bacteria	 Verrucomicrobiota	 Lentisphaeria	 Victivallales	 Victivallaceae	 Victivallaceae	 uncultured_bacterium
03ac16c3669afa16e934f306a350b94d	Bacteria	 Firmicutes	 Clostridia	 Oscillospirales	 [Eubacterium]_coprostanoligenes_group	 [Eubacterium]_coprostanoligenes_group	 uncultured_Clostridia
570c8a7cd1e0c61ba9d80b090a22b7b2	Bacteria	 Firmicutes	 Clostridia	 Oscillospirales	 Ruminococcaceae	 Paludicola	
b85d6064018dadcee25d180a9fa78b28	Bacteria	 Firmicutes	 Clostridia	 Oscillospirales	 UCG-010	 UCG-010	
06f825b512d903b9230e1a55d87359ee	Bacteria	 Firmicutes	 Bacilli	 Lactobacillales	 Streptococcaceae	 Streptococcus	
250992a1effeed20d6e91b3c26c4631a	Bacteria	 Firmicutes	 Clostridia				
266ef3bf79d117e762b1bd9f865f2ee8	Bacteria	 Firmicutes	 Clostridia	 Oscillospirales	 UCG-010	 UCG-010	
c4a0cdfda7f1952089e2f86c2d08929f	Bacteria	 Cyanobacteria	 Cyanobacteriia	 Chloroplast	 Chloroplast	 Chloroplast	
f5a2741bb36324564b909127114972c5	Bacteria	 Firmicutes	 Clostridia	 Oscillospirales			
961716dae3f2775010289ca13478f4f2	Bacteria	 Firmicutes	 Clostridia	 Clostridia_vadinBB60_group	 Clostridia_vadinBB60_group	 Clostridia_vadinBB60_group	 uncultured_bacterium
ff4e7fa20ddb345c077bf3f2e015e564	Bacteria	 Firmicutes	 Bacilli	 Staphylococcales	 Staphylococcaceae	 Salinicoccus	
794c48d1c110499dbd6338457f2ed417	Bacteria	 Firmicutes	 Clostridia	 Lachnospirales	 Lachnospiraceae	 Lachnoclostridium	
cf43a6c85c885e7461efd1eef6732286	Bacteria	 Firmicutes	 Clostridia				
41f70f1e15bb6ee1d850b8b4192d8079	Bacteria	 Verrucomicrobiota	 Lentisphaeria	 Victivallales	 Victivallaceae	 Victivallaceae	
7d135dfbf857c62673695ef24332b100	Bacteria	 Actinobacteriota	 Actinobacteria	 Micrococcales	 Micrococcaceae	 Rothia	
30a9ca046486c65b1e2608b5f6653bfa	Bacteria	 Firmicutes	 Clostridia	 Oscillospirales	 Ruminococcaceae	 uncultured	
a163202dded41df87f93e2bb3b9552ad	Bacteria	 Firmicutes	 Clostridia	 Christensenellales	 Christensenellaceae	 Christensenellaceae_R-7_group	
2e4692d588e14d2e6f49cdd54a315692	Bacteria	 Firmicutes	 Clostridia	 Clostridia_vadinBB60_group	 Clostridia_vadinBB60_group	 Clostridia_vadinBB60_group	 gut_metagenome
422ef5e2adcf3ad6643b184f29cb2bd2	Bacteria	 Firmicutes	 Clostridia	 Peptostreptococcales-Tissierellales	 Peptostreptococcales-Tissierellales	 Gottschalkia	 uncultured_bacterium
7522d19b6cd971311b76b4c2345ffa71	Bacteria	 Firmicutes	 Clostridia	 Lachnospirales	 Lachnospiraceae	 [Eubacterium]_fissicatena_group	
b561f2aca501e83eca980353ebd83a42	Bacteria	 Proteobacteria	 Alphaproteobacteria				
ba894fbae279ba3c8e44bedcf6b2f68c	Bacteria	 Firmicutes	 Clostridia	 Oscillospirales	 Ruminococcaceae	 Angelakisella	 uncultured_bacterium
a395e2e4e76cff8f11c2eb0e2325e3e1	Bacteria	 Proteobacteria	 Alphaproteobacteria	 Rickettsiales	 Mitochondria	 Mitochondria	
a84603a4d9cf6b57559a116683f77101	Bacteria	 Firmicutes	 Clostridia	 Oscillospirales			
2d73bc75270935dd392518746b79edc6	Bacteria	 Firmicutes	 Clostridia	 Christensenellales	 Christensenellaceae	 Christensenellaceae_R-7_group	
43ac57db4e7eab5cb18c73a8e1d6b83b	Bacteria	 Firmicutes	 Clostridia	 Clostridiales	 Clostridiaceae	 Clostridium_sensu_stricto_1	
a4a1d540c6f327d21f6fdfaf2e9bf8fa	Bacteria	 Proteobacteria	 Alphaproteobacteria	 Rickettsiales	 Mitochondria	 Mitochondria	
686d0c1bc21cc558cf429290868fca38	Bacteria	 Proteobacteria	 Alphaproteobacteria	 Rickettsiales	 Mitochondria	 Mitochondria	 Mazzaella_japonica
6e4d78ef6d19f04ca0c5157fea4d0fa8	Bacteria	 Firmicutes	 Clostridia	 Monoglobales	 Monoglobaceae	 Monoglobus	
7e706bc47c03121038208be6c722117a	Bacteria	 Firmicutes	 Clostridia	 Lachnospirales			
53ffc8fee843387cbdfd6ed0327aad55	Bacteria	 Firmicutes	 Clostridia	 Peptococcales	 Peptococcaceae	 uncultured	
640b03a49d87897a2f65c5e050d881a6	Bacteria	 Firmicutes	 Clostridia	 Oscillospirales	 Ruminococcaceae		
886506ca977d5fa07d049cf666426b8a	Bacteria	 Firmicutes	 Clostridia	 Lachnospirales	 Lachnospiraceae	 Cellulosilyticum	 uncultured_bacterium
b678e74cfaf79114457c2c07e17d3e83	Bacteria	 Firmicutes	 Clostridia	 Oscillospirales	 [Eubacterium]_coprostanoligenes_group	 [Eubacterium]_coprostanoligenes_group	 uncultured_bacterium
361374e8fbdec5ff775328770668c808	Bacteria	 Firmicutes	 Clostridia				
87929705a2a63054e370904bf5176757	Bacteria	 Firmicutes	 Clostridia	 Clostridiales	 Clostridiaceae		
436554386efe604e781a21c9e2c116a4	Bacteria	 Firmicutes	 Clostridia	 Oscillospirales	 Ruminococcaceae	 Incertae_Sedis	
0e6b63ac9cce7ed70dd0f120a2af16b3	Bacteria	 Firmicutes	 Clostridia	 Lachnospirales	 Lachnospiraceae		
5aa3f0e6235fed7b628a0d28be495de3	Bacteria	 Firmicutes	 Clostridia	 uncultured	 uncultured	 uncultured	 uncultured_bacterium
738d296c7140a61cca12f80595aa81af	Bacteria	 Actinobacteriota	 Actinobacteria	 Corynebacteriales	 Corynebacteriaceae	 Corynebacterium	
0ed3a6836e138f14044f6950ad7280d2	Bacteria	 Actinobacteriota	 Actinobacteria	 Actinomycetales	 Actinomycetaceae	 Actinomyces	
29f5d7605cf4510c64c7b4fb1585949d	Bacteria	 Proteobacteria	 Gammaproteobacteria	 Enterobacterales	 Hafniaceae	 Edwardsiella	
c24e0e391aa836b5eae25567c7eb89ee	Bacteria	 Firmicutes	 Clostridia	 Lachnospirales	 Lachnospiraceae	 [Ruminococcus]_gnavus_group	
f1de6efe037d3eae174d81225a498251	Bacteria	 Firmicutes	 Clostridia				
3e9563ffaef41c3eda77c79416aa4f8a	Bacteria	 Proteobacteria	 Alphaproteobacteria	 Rickettsiales	 Mitochondria	 Mitochondria	 uncultured_bacterium
58b49dfc0481710d4bcf965d73c13498	Bacteria	 Firmicutes	 Clostridia	 Christensenellales	 Christensenellaceae		
5d0b8ab28e51ee589a3c7cc202a867b4	Bacteria	 Firmicutes	 Clostridia	 Lachnospirales	 Lachnospiraceae		
7c7be32c33a9b937cb9c74018a554b34	Bacteria	 Proteobacteria	 Gammaproteobacteria	 Oceanospirillales	 Halomonadaceae	 Halomonas	
b0b1a1340d9375da0e08117e9fd4afd1	Bacteria	 Bacteroidota	 Bacteroidia	 Bacteroidales	 Rikenellaceae	 Alistipes	
ee62d9d5fc38205c0b05acc01e4bce2f	Bacteria	 Firmicutes	 Clostridia	 Monoglobales	 Monoglobaceae	 Monoglobus	 uncultured_bacterium
20457eff2396524aa7ecaaf895c2c502	Bacteria	 Firmicutes	 Clostridia	 Oscillospirales	 Oscillospiraceae	 Oscillibacter	
34239f14f57eed8a2971a240df604a06	Bacteria	 Proteobacteria	 Gammaproteobacteria	 Alteromonadales	 Shewanellaceae	 Shewanella	
5130eaf6ef68cd5b9a115ab396c3c5e8	Bacteria	 Firmicutes	 Clostridia	 Clostridiales	 Clostridiaceae	 Clostridium_sensu_stricto_1	
558ae0f031a6aa73d9bd875d85026aff	Bacteria	 Firmicutes	 Clostridia	 Monoglobales	 Monoglobaceae	 Monoglobus	 uncultured_bacterium
6fe3444d55ab71e960327f7d3b8ddb04	Bacteria	 Proteobacteria	 Alphaproteobacteria	 Rhodospirillales	 uncultured	 uncultured	
980f0ca1e7568340e1718b79e3097bfd	Bacteria	 Verrucomicrobiota	 Chlamydiae	 Chlamydiales	 Chlamydiaceae	 Chlamydia	
d33cfc9e6d13181c43d31bc9eeabc828	Bacteria	 Firmicutes	 Clostridia				
35cbb315e019e0a8768d4b73862df415	Bacteria	 Actinobacteriota	 Coriobacteriia	 Coriobacteriales	 Coriobacteriaceae	 Collinsella	
692805afe0bdfb5c8cd178a0936be3ba	Bacteria	 Firmicutes	 Clostridia	 Clostridiales	 Clostridiaceae		
a62fa6e25e8805dafe5b628529c90023	Bacteria	 Firmicutes	 Clostridia	 Oscillospirales	 Ruminococcaceae		
b5f38ad6d524a5f9d7c421c3630956d7	Bacteria	 Bacteroidota	 Bacteroidia	 Bacteroidales	 Bacteroidaceae	 Bacteroides	
0b62aa17bae5a9ac22aa76a7bbd06604	Bacteria	 Proteobacteria	 Gammaproteobacteria	 Oceanospirillales	 Nitrincolaceae	 Marinobacterium	
2b5d78c3ecdb14c5b116f2209cd23803	Bacteria	 Firmicutes	 Clostridia	 Clostridiales	 Caloramatoraceae	 Fonticella	
3fbfb13fa8c20d84c56b29e4044a9431	Bacteria	 Firmicutes	 Clostridia	 Oscillospirales	 Oscillospiraceae	 NK4A214_group	
5197a30c5f81af4fd1d70ce1a41808a5	Bacteria	 Firmicutes	 Clostridia	 Oscillospirales			
b055e1584207c7cb169353c315b31c9b	Bacteria	 Firmicutes	 Clostridia	 Oscillospirales			
e2639cdd7f27ca8827cdd5e66720ad33	Bacteria	 Firmicutes	 Clostridia	 Lachnospirales	 Lachnospiraceae		
109d1ab25c9e90627171250d0369141b	Bacteria	 Firmicutes	 Clostridia	 Clostridiales	 Clostridiaceae	 Clostridium_sensu_stricto_1	
3b7904a8c72e665e8214aff3698b2384	Bacteria	 Firmicutes	 Clostridia	 uncultured	 uncultured	 uncultured	 uncultured_bacterium
3e828015310ef3f80cacb43c806fc8f8	Eukaryota	 Incertae_Sedis	 Incertae_Sedis	 Incertae_Sedis	 Incertae_Sedis	 Blastocystis	 Blastocystis_sp.
4d95791fede395b3808f5b201728d9d9	Bacteria	 Firmicutes	 Clostridia	 Lachnospirales	 Lachnospiraceae		
52eb585ab00736037a195e9fba6fe898	Bacteria	 Firmicutes	 Clostridia	 Oscillospirales	 Butyricicoccaceae		
5cd9bc986f097af5b08afa2372eaf4fa	Bacteria	 Firmicutes	 Clostridia				
5d328365bdb8aa2341bd2a7fc62df602	Bacteria	 Firmicutes	 Clostridia				
67023f84f41cd642c2280d1c54be52cc	Bacteria	 Firmicutes	 Clostridia	 Clostridiales	 Clostridiaceae	 Clostridium_sensu_stricto_1	
8210901d6ca77c8cfa89dcb5e02546bd	Bacteria	 Firmicutes	 Clostridia	 Lachnospirales			
1b2a8b6aa2eeac51cddc3fa4cc8b86d8	Bacteria	 Firmicutes	 Clostridia	 Lachnospirales			
2e9dd2ae4062719655f0fb21f3020f2c	Bacteria	 Actinobacteriota	 Actinobacteria	 Actinomycetales	 Actinomycetaceae	 Trueperella	 Trueperella_pyogenes
6e1b62564b04b083ba6692c47069b5c4	Bacteria	 Firmicutes	 Clostridia	 Oscillospirales	 Butyricicoccaceae	 UCG-009	
8b061d2603136d36dd5469a5e24f9c5a	Bacteria	 Verrucomicrobiota	 Verrucomicrobiae	 Verrucomicrobiales	 Akkermansiaceae	 Akkermansia	 uncultured_bacterium
91189472b723457364978cbe45da8853	Bacteria	 Firmicutes	 Clostridia	 Lachnospirales	 Lachnospiraceae		
a7da93a9744a7863292bcf97d47b6a10	Bacteria	 Actinobacteriota	 Actinobacteria	 Micrococcales	 Intrasporangiaceae		
b699bd6b5702c7c819b9c842ab3a812f	Bacteria	 Firmicutes	 Clostridia	 Peptostreptococcales-Tissierellales			
c035151220738fb7a3ec6af16b0342da	Bacteria	 Firmicutes	 Clostridia	 Lachnospirales	 Lachnospiraceae		
f59bc8f656fbec59474bcbe473decdd6	Bacteria	 Firmicutes	 Clostridia	 Monoglobales	 Monoglobaceae	 Monoglobus	
0488d1a01cd1d440c6e0b871705942db	Bacteria	 Firmicutes	 Clostridia	 Lachnospirales	 Lachnospiraceae		
0bd48b020245516d1062832360e60667	Bacteria	 Firmicutes	 Clostridia	 Lachnospirales	 Lachnospiraceae		
16c77ed3415d77986142e3074992f677	Bacteria	 Firmicutes	 Clostridia	 Lachnospirales	 Lachnospiraceae	 Lactonifactor	
1a039a947e61aa93657905afff3c0f67	Bacteria	 Firmicutes	 Clostridia	 Peptostreptococcales-Tissierellales	 Peptostreptococcaceae		
1b41bd15b41abe49ab3eca6445fe500b	Bacteria	 Proteobacteria	 Gammaproteobacteria	 Aeromonadales	 Aeromonadaceae	 Oceanimonas	
280cb199a3f6296dfe9c0dca616b5353	Bacteria	 Firmicutes	 Clostridia	 Clostridiales	 Clostridiaceae		
52b3142cdacfe38e4e8798078316f90e	Bacteria	 Firmicutes	 Clostridia	 Peptostreptococcales-Tissierellales	 Peptostreptococcaceae		
52f451c40ebce519381905eae5063e74	Bacteria	 Firmicutes	 Clostridia	 Clostridiales	 Clostridiaceae	 Clostridium_sensu_stricto_1	
59a7570df4c6eb1c565735b8df63c1c1	Bacteria	 Firmicutes	 Clostridia	 Peptostreptococcales-Tissierellales	 Peptostreptococcaceae	 Terrisporobacter	
6c9ea50c57e8826963fcabde08ff05e2	Bacteria	 Firmicutes	 Clostridia	 Lachnospirales	 Lachnospiraceae	 Cellulosilyticum	 uncultured_bacterium
7883ee7af9f81386e600c531d280e6d7	Bacteria	 Firmicutes	 Clostridia	 Oscillospirales	 Ruminococcaceae		
a3d354a03a28ba1eb1ae369b63443f62	Bacteria	 Firmicutes	 Clostridia	 Lachnospirales	 Lachnospiraceae		
aa0754201a9cb3cac51755183337ee4a	Bacteria	 Firmicutes	 Clostridia				
aaf5c28c535a7379b2c90ef64aeac800	Bacteria	 Firmicutes	 Clostridia	 Clostridiales	 Clostridiaceae		
b863f7cbd9aa44b6782e3fc87daf1aaf	Bacteria	 Firmicutes	 Clostridia				
d3b2374afa2e51e3122d8f085062de42	Bacteria	 Firmicutes	 Clostridia	 Clostridiales	 Clostridiaceae	 Clostridium_sensu_stricto_1	
e41c76e406f3f91ff1042f0c0403eb81	Bacteria	 Firmicutes	 Clostridia	 Lachnospirales	 Lachnospiraceae		
e500c2ebb4dc67376e221b9d6abaf8cd	Bacteria	 Firmicutes	 Clostridia	 Lachnospirales	 Lachnospiraceae	 Cellulosilyticum	
e604775de1abf640b2926703ec444851	Bacteria	 Firmicutes	 Clostridia	 Clostridiales	 Clostridiaceae		
e6d50762f1421042c32aa0a95fcb3ed8	Bacteria	 Firmicutes	 Clostridia	 Oscillospirales			
02356445a236c7062ea9cf60e9c95e38	Bacteria	 Firmicutes	 Clostridia	 Monoglobales	 Monoglobaceae	 Monoglobus	
06686d1d45e88a7c603993b175d95640	Bacteria	 Firmicutes	 Clostridia	 Clostridiales	 Clostridiaceae		
09183c715aaddfa53668d9f9d381265f	Bacteria	 Firmicutes	 Clostridia	 Lachnospirales	 Lachnospiraceae		
172fd3be615290958863e445bfe7b238	Bacteria	 Firmicutes	 Clostridia	 Lachnospirales	 Lachnospiraceae		
23ee5f0a2c637e20d6608eb06d3d24f4	Bacteria	 Firmicutes	 Clostridia	 Clostridiales			
3d6561d94bcce005018b71896adfa0a8	Bacteria	 Firmicutes	 Clostridia	 Clostridia_vadinBB60_group	 Clostridia_vadinBB60_group	 Clostridia_vadinBB60_group	 uncultured_bacterium
4a3e0691991e5fcd61cf2addf8041e39	Bacteria	 Firmicutes	 Clostridia	 Peptostreptococcales-Tissierellales	 Peptostreptococcaceae	 Terrisporobacter	
4fdf31bb2542eef3185b78f7421d6bf4	Bacteria	 Firmicutes	 Clostridia	 Lachnospirales			
5a0e9f75c29393173238e36347db0b83	Bacteria	 Firmicutes	 Clostridia	 Oscillospirales	 Oscillospiraceae	 UCG-002	 uncultured_bacterium
66b1b0eb15a4f580eaf63b09a2f26d20	Bacteria	 Firmicutes	 Clostridia				
7200c270c9f92ab3d103779fee175367	Bacteria	 Firmicutes	 Clostridia	 Lachnospirales	 Lachnospiraceae		
7a51cb18d93d107c14ff51068816e19b	Bacteria	 Firmicutes	 Clostridia	 Oscillospirales			
abc360eb739a36a0534975449c9f6b20	Bacteria	 Firmicutes	 Bacilli	 Lactobacillales	 Carnobacteriaceae	 Alkalibacterium	
cd77fa34617482c5041b0608611829df	Bacteria	 Firmicutes	 Clostridia	 Peptostreptococcales-Tissierellales	 Peptostreptococcales-Tissierellales	 Gallicola	 Peptostreptococcaceae_bacterium
d6358fca68ff73cb0a95ad6e015a403a	Bacteria	 Firmicutes	 Clostridia	 Lachnospirales	 Lachnospiraceae	 Cellulosilyticum	 uncultured_bacterium
e3eb83630b89b79e802fe55da9a17a9c	Bacteria	 Firmicutes	 Clostridia				
0034dfcc85e9c2dc4c0a8dc3fbf0b98b	Bacteria	 Firmicutes	 Bacilli	 Izemoplasmatales	 Izemoplasmatales	 Izemoplasmatales	 uncultured_bacterium
0994463c8392d3422b91a80bebac16ad	Bacteria	 Firmicutes	 Clostridia	 Oscillospirales	 Ruminococcaceae		
177589b19d15f567841989cdc963c0bc	Bacteria	 Firmicutes	 Clostridia	 Clostridia_vadinBB60_group	 Clostridia_vadinBB60_group	 Clostridia_vadinBB60_group	 uncultured_bacterium
1c3f5ab09dadc2de25f357ac241907b5	Bacteria	 Bacteroidota	 Bacteroidia	 Bacteroidales	 Bacteroidaceae	 Bacteroides	
2051c11a6a51f18347ecb4175a3c1e5f	Bacteria	 Firmicutes	 Clostridia	 Clostridiales			
2b4b5f22e9633491400820c62fe8b5af	Bacteria	 Firmicutes	 Clostridia	 Monoglobales	 Monoglobaceae	 Monoglobus	
349e5e587a3384a94287130e88d013f1	Bacteria	 Firmicutes	 Clostridia	 Lachnospirales	 Lachnospiraceae		
4492d3c99c8c5054cfd59c65b5bc5db2	Bacteria	 Bacteroidota	 Bacteroidia	 Bacteroidales	 Marinifilaceae	 Odoribacter	 uncultured_bacterium
4574574db883d2aa8619fd848c62e544	Bacteria	 Firmicutes	 Clostridia				
7545916207af16d74fbdc653bfc6af4b	Bacteria	 Firmicutes	 Clostridia				
927ad213972c1b8f8313e3adff2ca883	Bacteria	 Firmicutes	 Clostridia	 Lachnospirales	 Lachnospiraceae		
9430974da000875371f1fd13803de7e6	Bacteria	 Firmicutes	 Clostridia	 Oscillospirales	 Oscillospiraceae	 Oscillospiraceae	 uncultured_bacterium
9c6943ca459f39380a19b5a36605b1bd	Bacteria	 Firmicutes	 Clostridia	 Oscillospirales	 Ruminococcaceae	 UBA1819	 uncultured_bacterium
b540007ecb02a424e9a271f3c1acbdb0	Bacteria	 Firmicutes	 Clostridia	 Oscillospirales	 Ruminococcaceae	 uncultured	
b588e7b43d5fa0b9e785fc668207da16	Bacteria	 Firmicutes	 Clostridia	 uncultured	 uncultured	 uncultured	 uncultured_bacterium
ba0ce33cc486e4404cb85dd7cf37957a	Bacteria	 Firmicutes	 Clostridia	 Peptostreptococcales-Tissierellales	 Peptostreptococcales-Tissierellales	 Clostridiisalibacter	
be21f9ca0c6b1829f6ab42e69e1a4a17	Bacteria	 Firmicutes	 Clostridia	 Lachnospirales	 Lachnospiraceae		
c0475db433bd6dc58ff002583bfe580e	Bacteria	 Firmicutes	 Clostridia	 Lachnospirales	 Lachnospiraceae		
dfcc4decf7911e6b1909301f9ca64d7d	Bacteria						
eaaab434e91a6b40fc8209e1ec8923e7	Bacteria	 Proteobacteria	 Alphaproteobacteria	 Paracaedibacterales	 Paracaedibacteraceae	 uncultured	 uncultured_Alphaproteobacteria
ebaffdf509cd24989cd562541b10192e	Bacteria	 Cyanobacteria	 Cyanobacteriia	 Chloroplast	 Chloroplast	 Chloroplast	
ee2ed81c112204f4951fb3cdc6de2b13	Bacteria	 Firmicutes	 Clostridia	 Christensenellales	 Christensenellaceae	 Christensenellaceae_R-7_group	
f2ccb98023b1fb20106f9bbce9cf7845	Bacteria	 Firmicutes	 Clostridia				
f727ab4f688dfb8f4f668b23ff95fce3	Bacteria	 Firmicutes	 Clostridia	 Clostridiales	 Caloramatoraceae	 Fonticella	
0c410683e68edf42337559941e5d3018	Bacteria	 Firmicutes	 Clostridia	 Monoglobales	 Monoglobaceae	 Monoglobus	
10c62a70cf61ae891222e73c80fb4422	Bacteria	 Proteobacteria	 Gammaproteobacteria	 Enterobacterales	 Enterobacteriaceae	 Escherichia-Shigella	
1aa6c803cbd5bd712b5412e840547bb5	Bacteria	 Firmicutes	 Clostridia	 Peptococcales	 Peptococcaceae	 uncultured	
1fede5c1ac8ab7edcde6c0c8fd82eacf	Bacteria	 Firmicutes	 Clostridia	 Oscillospirales	 Oscillospiraceae	 Oscillibacter	
2544837e817ebb7935c20c75641c0cd3	Bacteria	 Firmicutes	 Clostridia	 Lachnospirales	 Lachnospiraceae		
4a2adf29dab9a706420e3d65d5e54b47	Bacteria	 Firmicutes	 Clostridia	 Oscillospirales	 UCG-010	 UCG-010	
5ce7fb944aef4a8f835757a386ad5d03	Bacteria	 Firmicutes	 Clostridia	 Clostridiales	 Clostridiaceae	 Clostridium_sensu_stricto_1	
66bcf156b9303730302937df714ba3a0	Bacteria	 Firmicutes	 Clostridia	 Lachnospirales	 Lachnospiraceae	 Cellulosilyticum	 bacterium_PS7
836e24404c8c4230b94587c943a64c0d	Bacteria	 Firmicutes	 Clostridia	 Monoglobales	 Monoglobaceae	 Monoglobus	 uncultured_bacterium
88ec00cabebb689e0ef279fa962c6556	Bacteria	 Firmicutes	 Clostridia	 Oscillospirales	 Oscillospiraceae		
8d64647a6afa4e7cdbfcfea2561daeb4	Bacteria	 Firmicutes	 Clostridia	 Peptostreptococcales-Tissierellales	 Peptostreptococcaceae	 Terrisporobacter	
9308073b302fc22457e51bce2e5a5c6e	Bacteria	 Firmicutes	 Clostridia	 Lachnospirales			
ae72e7196eddaefbe94e234121dd8ab7	Bacteria	 Firmicutes	 Clostridia	 Oscillospirales	 Ruminococcaceae		
d2952b5b288732987873aafdff21c062	Bacteria	 Firmicutes					
d66f31eeecb9a724d1b4f8ed90acef49	Bacteria	 Firmicutes	 Clostridia	 Peptostreptococcales-Tissierellales	 Peptostreptococcaceae	 Terrisporobacter	
e63d76792ac4ff540fd989389de5cc65	Bacteria	 Firmicutes	 Clostridia	 Christensenellales	 Christensenellaceae		
e7a9fe6bc678f58797ebec1c495d8947	Bacteria	 Firmicutes	 Clostridia	 Clostridiales	 Clostridiaceae		
fa64acdb5a9636f4f57cd00602e895d1	Bacteria	 Firmicutes	 Clostridia				
006d00cadaa9436af26848b5c16d1117	Bacteria	 Firmicutes	 Clostridia	 Oscillospirales	 Ruminococcaceae	 Incertae_Sedis	
05d24be1c0a77be918f9efbc76c77de5	Bacteria	 Bacteroidota	 Bacteroidia	 Bacteroidales	 Tannerellaceae	 Parabacteroides	
070356493d9b62744ff536cefc809394	Bacteria	 Bacteroidota	 Bacteroidia	 Bacteroidales	 Rikenellaceae	 Rikenella	 uncultured_bacterium
08a0cf376add32f3f4b57ec1e82a7a27	Bacteria	 Firmicutes	 Negativicutes	 Veillonellales-Selenomonadales	 Selenomonadaceae	 Megamonas	
0d5efcff77a4b7decd5d0f0d7e13e55f	Bacteria	 Firmicutes					
1388956e75647b505ba9a982f52fa1a0	Bacteria	 Firmicutes	 Clostridia				
13d35b9aa80101f1ad200456a71ff747	Bacteria	 Firmicutes	 Clostridia				
14150c909b0c5ff11e028c843d25d9f0	Bacteria	 Proteobacteria	 Gammaproteobacteria	 Pseudomonadales	 Moraxellaceae	 Acinetobacter	
1454b03af3c8c391b4f8e42b988a54eb	Bacteria	 Proteobacteria	 Gammaproteobacteria	 Enterobacterales	 Enterobacteriaceae	 Escherichia-Shigella	
161532a96cb33687aefca519a646e8dd	Bacteria	 Firmicutes	 Clostridia	 Oscillospirales	 Oscillospirales	 Hydrogenoanaerobacterium	
1695256b57aa4935c994dfc9ef106aef	Bacteria	 Firmicutes	 Clostridia	 Lachnospirales	 Lachnospiraceae		
1b7aa1ff87cb99bd02c346de212c72b4	Bacteria	 Firmicutes	 Clostridia	 Oscillospirales	 Oscillospiraceae		
2283d4d30dfd0b0f6db63e868f5a6bb0	Bacteria	 Firmicutes	 Clostridia	 Oscillospirales			
24e13512dd116f47378cf9543b59952f	Bacteria						
2d96b8b152837b43d6d0391bbcb52230	Bacteria	 Firmicutes	 Clostridia	 Clostridiales	 Clostridiaceae	 Clostridium_sensu_stricto_1	
317ea5893016bd566bbbb90b64314fff	Bacteria	 Firmicutes	 Clostridia	 Clostridia_vadinBB60_group	 Clostridia_vadinBB60_group	 Clostridia_vadinBB60_group	 gut_metagenome
34305477c049b7b27e16b7eb3174c176	Bacteria	 Firmicutes	 Clostridia				
3983e46d6d82b3e413dd3cecf61a7288	Bacteria	 Firmicutes	 Clostridia	 Lachnospirales	 Lachnospiraceae	 Anaerostignum	
3993ebb5cf6d53bdc7c1a411cb34e9ba	Bacteria	 Firmicutes	 Clostridia				
4005a476b029e1176ae80331deb715d3	Bacteria	 Firmicutes	 Clostridia	 Peptococcales	 Peptococcaceae	 uncultured	
43f04645cc0dc308c624999e65eef75e	Bacteria	 Firmicutes	 Clostridia	 Oscillospirales	 UCG-010	 UCG-010	 uncultured_Ruminococcaceae
52939c8d2594143497bca3118e8acea1	Bacteria	 Firmicutes	 Clostridia				
52f16020ebae5c9c70aa96ff3128c8c4	Bacteria	 Firmicutes	 Clostridia	 Clostridiales	 Clostridiaceae	 Clostridium_sensu_stricto_1	
58effbc1c86da5607d17a70b1373e3fa	Bacteria						
60be9d80827b504644426bf294d5b657	Bacteria	 Firmicutes	 Clostridia	 Clostridiales	 Clostridiaceae	 Clostridium_sensu_stricto_1	
6ec2c6270741bdb60683321dfaeca799	Bacteria	 Firmicutes	 Clostridia	 Lachnospirales	 Lachnospiraceae		
74088bb8212ca678f83dbaeaabf0abfe	Bacteria	 Firmicutes	 Clostridia				
83d62f45459a1d4ed90c25c49d62be9a	Bacteria	 Firmicutes	 Clostridia	 Clostridiales	 Clostridiaceae		
8dce397e039fed2a6aebb5d24f986238	Bacteria	 Firmicutes	 Clostridia	 Monoglobales	 Monoglobaceae	 Monoglobus	 uncultured_bacterium
9ffce253fad5d11633cf75b6309e6fbb	Bacteria	 Firmicutes	 Clostridia	 Oscillospirales	 Oscillospiraceae	 UCG-005	 uncultured_Clostridiales
a1db7520205be25de2d8d0e5cc1625d9	Bacteria	 Firmicutes	 Bacilli	 Bacillales	 Bacillaceae	 Bacillus	
a68a2817aabd3b089a7a584edd6e2427	Bacteria	 Firmicutes	 Clostridia	 Oscillospirales			
a7cbc5d59d685ba39182605f8b3c17d9	Bacteria	 Cyanobacteria	 Cyanobacteriia	 Chloroplast	 Chloroplast	 Chloroplast	 Grateloupia_turuturu
ab26b089d338e5d0a8b00e3246c2945a	Bacteria	 Firmicutes	 Clostridia	 Clostridiales	 Clostridiaceae		
ab290c3a02b5500a22df31f258186706	Bacteria	 Firmicutes	 Clostridia				
ace354c29d70af2ba9e51fee480e8593	Bacteria	 Firmicutes	 Bacilli	 Izemoplasmatales	 Izemoplasmatales	 Izemoplasmatales	 uncultured_bacterium
ad81f5953147614331df83cd21000f47	Bacteria	 Firmicutes	 Clostridia	 Lachnospirales	 Lachnospiraceae		
b01574eedc4ce41c50d87bc2b6747038	Bacteria	 Firmicutes	 Clostridia	 Clostridiales	 Clostridiaceae		
b272b8df703d13e2688999c08dd50cab	Bacteria	 Bacteroidota	 Bacteroidia	 Bacteroidales	 Bacteroidaceae	 Bacteroides	
b30ccb699e2a9defa91475eaf1a54b9d	Bacteria	 Firmicutes	 Clostridia	 Lachnospirales	 Lachnospiraceae		
c063a467b68711c11acfc9df570ad19f	Bacteria	 Firmicutes	 Clostridia	 Lachnospirales	 Lachnospiraceae		
c12b8e677b373112eca4dd2a7d28e380	Bacteria	 Firmicutes	 Bacilli				
c5bbb3e8cef47813276ed98dbce2abc2	Bacteria	 Firmicutes	 Clostridia	 Clostridiales	 Clostridiaceae	 Clostridium_sensu_stricto_1	
ca02c6ce74209366c44095b1578c6987	Bacteria	 Firmicutes	 Bacilli	 RF39	 RF39	 RF39	
cb0d7649badd857251c8c708023bd916	Bacteria	 Firmicutes	 Clostridia				
ccb3970cc553627e918e9217ea71b1f1	Bacteria	 Firmicutes	 Clostridia	 Peptococcales	 Peptococcaceae		
cf13d2c160785c33566ff6b2c46b67fc	Bacteria	 Firmicutes	 Clostridia	 Clostridiales			
d726fcfea24d2c503a7603139818af02	Bacteria	 Firmicutes	 Clostridia	 Oscillospirales	 Oscillospiraceae	 Colidextribacter	
d9e8334a0fee2102ff24366a9bd21cd2	Bacteria	 Firmicutes	 Clostridia	 Clostridiales	 Clostridiaceae		
dde9d038a672d7defbbe8a18f250c3cf	Bacteria	 Firmicutes	 Clostridia	 Clostridiales	 Clostridiaceae		
de3ccb241ca5fff21dae8d818ca4f55c	Bacteria	 Firmicutes	 Clostridia	 Clostridiales			
e75f7d971b7e1f4fd01a5bebfa1bc523	Bacteria	 Firmicutes	 Clostridia	 Oscillospirales	 Oscillospiraceae	 UCG-002	 uncultured_bacterium
e9f729b671b3a841b83c0ab879f3bca5	Bacteria	 Firmicutes	 Clostridia	 Lachnospirales	 Lachnospiraceae		
094bda636d1de7049c230c7efffcc0a1	Bacteria	 Firmicutes	 Clostridia	 Lachnospirales	 Lachnospiraceae	 Cellulosilyticum	
0c864422f08a9b6ee1c09c5613ccfd8c	Bacteria	 Firmicutes	 Clostridia	 Oscillospirales	 Butyricicoccaceae	 UCG-009	 uncultured_bacterium
0ceb640adb580a98d7638296f3211925	Bacteria	 Firmicutes	 Clostridia	 Lachnospirales	 Lachnospiraceae	 Tuzzerella	 uncultured_Firmicutes
11944f411078f8979aa0cdbfa6ad20ee	Bacteria	 Firmicutes	 Clostridia	 Oscillospirales	 UCG-010	 UCG-010	
151dc3710be852488064098205bb884f	Bacteria	 Firmicutes	 Clostridia	 Oscillospirales	 Oscillospiraceae		
16c36085571e340321891c032e2b8016	Bacteria	 Firmicutes	 Clostridia	 Lachnospirales	 Lachnospiraceae		
1e0b579b4ea1c5bfd5ac67590630f5cd	Bacteria	 Firmicutes	 Clostridia	 Oscillospirales	 Ruminococcaceae		
2050da20aead649435d3ca1784d8bfef	Bacteria	 Firmicutes	 Clostridia	 Lachnospirales	 Lachnospiraceae		
22900aa6f3c4704c3c4b8abc25da8a39	Bacteria	 Firmicutes	 Clostridia	 Lachnospirales	 Lachnospiraceae		
244f67bec9ccba0fd783e849014aecb1	Bacteria	 Firmicutes	 Clostridia	 Clostridia_vadinBB60_group	 Clostridia_vadinBB60_group	 Clostridia_vadinBB60_group	 uncultured_bacterium
24530d9aacd7f7ab5ae8dd45dece762b	Bacteria	 Firmicutes	 Clostridia	 Oscillospirales			
26b3b014f371816b04e2a9e90e7ad39c	Bacteria	 Firmicutes	 Clostridia	 Lachnospirales	 Lachnospiraceae		
2740cf2417c92847cc298cbd71dd1fcd	Bacteria	 Firmicutes	 Negativicutes	 Veillonellales-Selenomonadales	 Veillonellaceae	 Veillonella	
2f3d17c5e59d5e0d1519f43abf53530c	Bacteria	 Firmicutes	 Clostridia	 Lachnospirales	 Lachnospiraceae	 Cellulosilyticum	 bacterium_PS7
2ff1418b39e60d7a32fd1c592c48d5b1	Bacteria	 Firmicutes	 Clostridia	 Oscillospirales	 Ruminococcaceae	 Negativibacillus	
3379b4a7e3c434100ca9a91bac6ec7a9	Bacteria	 Firmicutes	 Clostridia				
341e2888c4f2a2b080d2cb35f11003aa	Bacteria	 Firmicutes	 Clostridia	 Lachnospirales	 Lachnospiraceae		
3b9e5ae979a4b33191278c735a972942	Bacteria	 Firmicutes	 Clostridia	 Lachnospirales	 Lachnospiraceae		
3cce8b3e2bdae562f62e5e1328d2fed8	Bacteria	 Firmicutes	 Clostridia	 Clostridiales	 Clostridiaceae	 Clostridium_sensu_stricto_1	
3d4e473a1c9f2b337582e3ea37b91d29	Bacteria	 Firmicutes	 Clostridia	 Oscillospirales			
3df4306d3461d547025469708b96ae9d	Bacteria	 Firmicutes	 Clostridia				
4582a297e37e2bda87e91b466f0a1271	Bacteria	 Firmicutes					
45b74dc8a71dee64b46ee53fada74cd0	Bacteria	 Desulfobacterota	 Desulfovibrionia	 Desulfovibrionales	 Desulfovibrionaceae		
484de780b31c31b7b6bfbc9972ce8ca2	Bacteria	 Fusobacteriota	 Fusobacteriia	 Fusobacteriales	 Fusobacteriaceae	 Cetobacterium	
526515181ebe3836efead96c24099a63	Bacteria	 Firmicutes	 Clostridia	 Oscillospirales	 Ruminococcaceae		
554bdb405b272f4a84b4429191da8974	Bacteria	 Firmicutes	 Clostridia	 Lachnospirales	 Lachnospiraceae		
56193f4b85a8dd8c3313e808c2edee15	Bacteria	 Firmicutes	 Clostridia	 Peptostreptococcales-Tissierellales	 Peptostreptococcaceae	 Terrisporobacter	
56ceb73fdef6e3c89a1592205b7eaeb0	Bacteria	 Firmicutes	 Clostridia	 Lachnospirales			
5a618cb930140ec1f5e999054b9a5d6e	Bacteria	 Firmicutes	 Clostridia	 Lachnospirales	 Lachnospiraceae		
5d97791d31022da4032fd08b396b0528	Bacteria	 Firmicutes	 Clostridia	 Clostridiales	 Clostridiaceae	 Clostridium_sensu_stricto_1	
5eefb666bdba6998af939888b831d38d	Bacteria	 Firmicutes	 Clostridia	 Clostridiales	 Clostridiaceae		
5f6a2ae98afee714536091edc05faf07	Bacteria	 Firmicutes	 Clostridia				
60843614561e08336f7254e11e67cbf5	Bacteria	 Firmicutes	 Clostridia	 Clostridiales	 Clostridiaceae	 Clostridium_sensu_stricto_1	
65aff24c35e64f43a79c6cfca4a4338c	Bacteria	 Firmicutes	 Clostridia	 Clostridiales			
6711e1ba6989269d310ff68fd922d680	Bacteria	 Firmicutes	 Clostridia	 Lachnospirales	 Lachnospiraceae		
67b6823f286cae4da13011b6cf1dd2d1	Bacteria	 Firmicutes	 Clostridia	 Lachnospirales	 Lachnospiraceae		
6cede4cbb97a4bbb9c9cd12ddc305379	Bacteria	 Firmicutes	 Clostridia				
7035c309b5ba203b997b2b2d044b051e	Bacteria	 Firmicutes	 Clostridia	 Oscillospirales	 Oscillospiraceae		
71b1ef20c98659c03a7ee50ac11c0ce6	Bacteria	 Firmicutes	 Clostridia	 Clostridia_vadinBB60_group	 Clostridia_vadinBB60_group	 Clostridia_vadinBB60_group	 uncultured_organism
73325c54db386bfcf6313f225b8c90c1	Bacteria	 Firmicutes	 Clostridia	 Lachnospirales	 Defluviitaleaceae	 Defluviitaleaceae_UCG-011	 uncultured_bacterium
74f0ae82e31136d6266786e34ad2acfd	Bacteria	 Firmicutes	 Clostridia	 Clostridiales	 Clostridiaceae		
75067bdc42a0e1dbeb085b164e3e5514	Bacteria	 Firmicutes	 Clostridia	 Oscillospirales	 Ruminococcaceae		
765774b0e911cb67f38485b7c109200a	Bacteria	 Firmicutes	 Clostridia	 Lachnospirales			
7687540ed5434ee95821a10d77a47b3e	Bacteria	 Firmicutes	 Clostridia	 Peptostreptococcales-Tissierellales	 Peptostreptococcaceae		
76bae80358a56709d1f656493502c366	Bacteria	 Firmicutes	 Clostridia	 Lachnospirales	 Lachnospiraceae		
7d7e2f35576ad2c5984bca72f14df019	Bacteria	 Firmicutes	 Clostridia				
7db8a5544dc41a33a5452bf21a354561	Bacteria	 Proteobacteria	 Alphaproteobacteria	 Rhodospirillales	 uncultured	 uncultured	 uncultured_bacterium
7e939fba52aeb6dc534b2deb2d4436de	Bacteria	 Firmicutes	 Clostridia	 Christensenellales	 Christensenellaceae	 uncultured	
8061e41c85b50be8cc06a0588a16bc3e	Bacteria	 Firmicutes	 Clostridia				
85af798b569d47dd412b808fdcdd1314	Bacteria	 Firmicutes	 Clostridia	 Clostridiales	 Clostridiaceae		
874576d97c5b580e0f2f982a1b3a6e26	Bacteria	 Firmicutes	 Clostridia	 Lachnospirales			
8b2b208348d63605df7355c660f030cd	Bacteria	 Firmicutes	 Clostridia	 Clostridiales			
91ab9c305aaa75e6f9f2c19565e5a87e	Bacteria	 Firmicutes	 Clostridia	 Clostridiales	 Clostridiaceae	 Clostridium_sensu_stricto_13	
92b1569b6404e8a5f30ad1f087d10aeb	Bacteria	 Firmicutes	 Clostridia	 Lachnospirales	 Lachnospiraceae		
9578a0d86ee244e6a7ae6fccb0e3be11	Bacteria	 Firmicutes	 Clostridia	 Peptostreptococcales-Tissierellales	 Peptostreptococcaceae		
9a419387ec74eaec92ed7ce5dd675bf2	Bacteria	 Firmicutes	 Clostridia	 Clostridiales	 Clostridiaceae		
9c2058be402ec31b0ebaae17bcd5b502	Bacteria	 Firmicutes	 Clostridia	 Lachnospirales	 Lachnospiraceae		
9d21430fb831c536c0a75442fe0149a9	Bacteria	 Proteobacteria	 Alphaproteobacteria	 Rickettsiales	 Mitochondria	 Mitochondria	
a62a48ac949c78f154954f92eb04530e	Bacteria	 Firmicutes	 Clostridia	 Lachnospirales	 Lachnospiraceae		
a75bc1b49337301346586cede2604178	Bacteria	 Firmicutes	 Clostridia				
a7e4e57b226486c6f79147ee6f432302	Bacteria	 Firmicutes	 Clostridia	 Eubacteriales	 Anaerofustaceae	 Anaerofustis	 uncultured_bacterium
b0a6b69ae40849e7bb5a609134ce6168	Bacteria	 Firmicutes	 Clostridia	 Lachnospirales	 Lachnospiraceae		
b2986c42f414ffa10f4c69a5c8838a04	Bacteria	 Firmicutes	 Clostridia	 Lachnospirales			
b2af66539667c1b88bfc7be602e94ec5	Bacteria	 Firmicutes	 Clostridia				
b8c98688e7d1ece89894a7d49fd24549	Bacteria	 Proteobacteria	 Alphaproteobacteria	 Rhodobacterales	 Rhodobacteraceae		
b965804f02cad8ecbe8f722297318686	Bacteria	 Firmicutes	 Clostridia	 Lachnospirales	 Lachnospiraceae		
ba471bb18f8b8f5b35d310f05f8fd6be	Bacteria	 Firmicutes	 Clostridia	 Clostridiales	 Clostridiaceae		
bb16330f15ab83cb0418ba209d69857e	Bacteria						
bda6a74880e067f4b528ceedc7b4c10e	Bacteria	 Bacteroidota	 Bacteroidia	 Bacteroidales			
c16f1b85db2be4d8299be28f8b3f3e7f	Bacteria	 Firmicutes	 Clostridia	 Lachnospirales	 Lachnospiraceae		
c982d70fe25551356f4fca3261de4049	Bacteria	 Bacteroidota	 Bacteroidia	 Bacteroidales	 Rikenellaceae	 Alistipes	
ca71120d159d2fe383a4e66c23f79aee	Bacteria	 Firmicutes	 Clostridia				
ca9043e8a85650cea20c11f04aa4a043	Bacteria	 Firmicutes	 Clostridia	 Oscillospirales	 Oscillospiraceae		
d59d98043358b33f5516f97f9ff81d6b	Bacteria	 Firmicutes	 Clostridia	 Lachnospirales	 Lachnospiraceae		
d9a36ef8b2b957e7a85c0bd2dcbbe757	Bacteria	 Firmicutes	 Clostridia				
dd5f9560e3cf57ba5de5548263986599	Bacteria	 Firmicutes	 Clostridia	 Lachnospirales	 Lachnospiraceae		
e5ac7c16c96be56ad5ae33c18d9c82fa	Bacteria	 Firmicutes	 Clostridia				
e8877e4a00116e59f2bcc6cf4f6e012d	Bacteria	 Firmicutes	 Clostridia				
e9665f71df6b836c1b8a6c5b19d07125	Bacteria						
ea8d18a4901ad9d36ae27a1053a7c4d8	Bacteria	 Verrucomicrobiota	 Lentisphaeria	 Victivallales	 Victivallaceae	 Victivallaceae	 uncultured_bacterium
ee3f6db7e08bd1b1b6f407bbe66da302	Bacteria	 Firmicutes	 Clostridia	 Clostridiales	 Clostridiaceae		
fda3bcde61b96e61e4acced704d819bd	Bacteria	 Firmicutes	 Clostridia	 Oscillospirales	 UCG-010	 UCG-010	 uncultured_bacterium
01164256adb16f6e7bba657c43ef5ad0	Bacteria	 Firmicutes	 Clostridia	 Lachnospirales	 Lachnospiraceae		
0512ae2820996718fd05d2d5eef94dbf	Bacteria	 Firmicutes	 Clostridia	 Clostridiales	 Clostridiaceae		
06600f6c0e5087007f0529fffb76abe3	Bacteria	 Firmicutes	 Clostridia	 Clostridiales			
0bfa1ce4eb649be6a4dbced6777dd1e7	Bacteria						
0d56927839d73d00f7d3ee8d19ed1b44	Bacteria	 Firmicutes	 Clostridia	 Oscillospirales	 Ruminococcaceae	 Ruminococcus	
0e05ab4d628671f00b02f8c158eb0a9e	Bacteria	 Bacteroidota	 Bacteroidia	 Flavobacteriales	 Weeksellaceae	 Ornithobacterium	 Moheibacter_sp.
0f4b35025e5357028db88babffe9bff8	Bacteria	 Firmicutes	 Clostridia	 Peptostreptococcales-Tissierellales			
17d50c1497f794fde09aa06602f26f63	Bacteria	 Firmicutes	 Clostridia	 Lachnospirales	 Lachnospiraceae		
249c546d67dd917f52785ecb2206968c	Bacteria	 Firmicutes	 Clostridia	 Clostridia_vadinBB60_group	 Clostridia_vadinBB60_group	 Clostridia_vadinBB60_group	
27ee41929d891246168918fd91392d71	Bacteria	 Firmicutes	 Clostridia	 Lachnospirales	 Lachnospiraceae	 Anaerostignum	
2b82702ec23e1535599877c18a73f646	Bacteria	 Firmicutes	 Clostridia	 Monoglobales	 Monoglobaceae	 Monoglobus	
3233ebeba30317af8d3a15f7c0cc8c93	Bacteria	 Firmicutes	 Clostridia				
336137891e3d4014fe5425025447e4b2	Unassigned						
33a904c45f35fee719907f3dd6797d15	Bacteria	 Firmicutes	 Clostridia	 Oscillospirales	 Oscillospiraceae		
3837721033f0821f189917aac20752c4	Bacteria	 Firmicutes	 Clostridia	 Oscillospirales			
3b668e810d3a175e59d46c862486c889	Bacteria	 Firmicutes					
405e0341d1fc832021f6a30580dee042	Bacteria	 Firmicutes	 Clostridia				
43a7093255a3cb5d9b975f4779bd0903	Bacteria	 Firmicutes	 Clostridia	 Oscillospirales			
4d319038f9ea8ddd6c30e99278366157	Bacteria	 Proteobacteria	 Alphaproteobacteria	 Rickettsiales	 Mitochondria	 Mitochondria	
50fd1c9614c2cdbad76a0cee521fb46b	Bacteria	 Firmicutes	 Bacilli	 Lactobacillales	 Catellicoccaceae	 Catellicoccus	
51a950ff49434c522296ac0f0552f7da	Bacteria	 Bacteroidota	 Bacteroidia	 Chitinophagales	 Saprospiraceae		
581991ecaaef0c4f6e87cb81d02823da	Bacteria	 Firmicutes	 Clostridia				
5b4085061537fcba627f8422686d7055	Bacteria	 Actinobacteriota	 Actinobacteria	 Micrococcales	 Intrasporangiaceae		
5c6a4d1cd47d3455a200b069ff805201	Bacteria	 Firmicutes	 Clostridia	 Oscillospirales	 Oscillospiraceae		
5f334ab19019554bc6ff950123e29d62	Bacteria	 Verrucomicrobiota	 Verrucomicrobiae	 Verrucomicrobiales	 Akkermansiaceae	 Akkermansia	
5f8d35126b0a7321413d21487ec72b73	Bacteria	 Firmicutes	 Bacilli	 Erysipelotrichales	 Erysipelotrichaceae	 [Clostridium]_innocuum_group	
62d422e2f9b3fade33facd3388ddc006	Bacteria	 Firmicutes	 Clostridia				
6409589874ae43d8fb06109e0a8eed6e	Bacteria						
6807db99b7b8fbe994c3b2909f3082a3	Bacteria	 Firmicutes	 Clostridia				
6965ed81237a9bdea43f5623563bd66d	Bacteria	 Firmicutes	 Clostridia	 Peptostreptococcales-Tissierellales	 Peptostreptococcaceae		
6b23c1353e2288a249ee8dcdf5034c06	Bacteria	 Firmicutes	 Clostridia	 Lachnospirales	 Lachnospiraceae		
77e350e4917b846309e785e6761f1b9e	Bacteria	 Firmicutes	 Clostridia				
8436e33ecf3d7483476acce37690f092	Bacteria	 Bacteroidota	 Bacteroidia	 Bacteroidales			
8cc9931b78af8dacc0283c64edef00e4	Bacteria	 Firmicutes	 Clostridia	 Oscillospirales	 Ruminococcaceae		
906047e816aeb2ec3d830ce323e59dcf	Bacteria	 Firmicutes	 Clostridia	 Lachnospirales	 Lachnospiraceae		
911f3871ede4d738d1b0892772e10595	Bacteria	 Firmicutes	 Clostridia	 Oscillospirales	 Ruminococcaceae		
985bfdf20798d809ee02229714596bdb	Bacteria	 Firmicutes	 Clostridia	 Lachnospirales	 Lachnospiraceae	 Lachnoclostridium	
9fe9da0dbdfbb02cc429d506fff17dee	Bacteria	 Bacteroidota	 Bacteroidia	 Bacteroidales	 Bacteroidaceae	 Bacteroides	
a66cff091ab1e7c2877b358109ebe4bc	Bacteria	 Bacteroidota	 Bacteroidia	 Flavobacteriales	 Flavobacteriaceae	 Mesonia	 Salegentibacter_mishustinae
a77b4e6af3017111cdae677604514409	Bacteria	 Verrucomicrobiota	 Verrucomicrobiae	 Verrucomicrobiales	 Akkermansiaceae	 Akkermansia	 uncultured_bacterium
a82197d5893b68f84602c6ecd119b23b	Bacteria	 Actinobacteriota	 Actinobacteria	 Micrococcales	 Micrococcaceae		
a82bbb9ad46a94436f6218d199e03a3b	Bacteria	 Bacteroidota	 Bacteroidia	 Chitinophagales	 Saprospiraceae	 Lewinella	 bacterium_CUA-466
af4f95a6474ffb6f1c7db302398b69a0	Unassigned						
b02c60e3a33dafbf21a3d65e31024dec	Bacteria	 Firmicutes	 Clostridia	 Peptostreptococcales-Tissierellales	 Peptostreptococcaceae		
b5603742aa0f0000f7a31f42aed20f3a	Bacteria	 Firmicutes	 Clostridia	 Peptostreptococcales-Tissierellales			
b7f1a3a24ee65178e54b83241589b07c	Bacteria	 Firmicutes	 Clostridia	 Lachnospirales	 Lachnospiraceae		
be11953152dac4d749ea4fc14eff7b01	Bacteria	 Firmicutes	 Bacilli	 Lactobacillales	 Streptococcaceae	 Lactococcus	
c600dfea30f32a141d61e788dd605334	Bacteria	 Firmicutes	 Clostridia				
c91c183082e8677b1d96fd7e797e5006	Bacteria	 Firmicutes	 Clostridia	 Oscillospirales	 UCG-010	 UCG-010	
c9c98b62abf72256d2cf4274fab6db6a	Bacteria	 Firmicutes	 Clostridia				
c9d95c848328623c18eda3d0e8386f61	Bacteria	 Firmicutes	 Clostridia				
ca981056d06f83b24b16503115103531	Bacteria	 Firmicutes	 Clostridia	 Lachnospirales	 Lachnospiraceae		
cc3b12516b0a2486314563bdcd8e8882	Bacteria	 Actinobacteriota	 Actinobacteria	 Micrococcales	 Brevibacteriaceae	 Brevibacterium	
d26656c613e4cee9179370fc78ae3191	Bacteria						
d3fd462a5e70d8d14c7f9e929bd7666c	Bacteria						
d53881bee6d0ec4ecfb4192925ef6fe2	Bacteria	 Firmicutes	 Clostridia	 Oscillospirales	 UCG-010	 UCG-010	
d76ad9b48f83dab33af204489890bec5	Bacteria	 Firmicutes	 Bacilli	 Bacillales	 Bacillaceae		
dc278e4c0823c3682502114a582b2615	Bacteria	 Firmicutes	 Clostridia				
dd0b9b21c861c8d71646520ef1998bdb	Bacteria	 Cyanobacteria	 Cyanobacteriia	 Chloroplast	 Chloroplast	 Chloroplast	
dfd1387cc9b4c4d6d863b4fbe4d5ecb0	Bacteria						
e53fb09031783653b9a10dad9f5e93a8	Bacteria	 Firmicutes	 Bacilli				
e5e02c44e64b5385087fe722bd47170c	Bacteria	 Firmicutes	 Clostridia				
f1fb33c09f610034b66118e6ddf64750	Bacteria	 Firmicutes	 Clostridia	 Lachnospirales	 Lachnospiraceae		
f330e765325ac47997066c79007f76b7	Bacteria	 Actinobacteriota	 Actinobacteria	 Micrococcales	 Dermabacteraceae	 Brachybacterium	